
INSERT INTO `address` (`id`, `pays`, `code_postal`, `rue`, `version`, `ville`) VALUES (1, 'Anguilla', '69776-8505', '02880 Hettinger Lights Suite 417', 0, 'South Alberto');
INSERT INTO `address` (`id`, `pays`, `code_postal`, `rue`, `version`, `ville`) VALUES (2, 'Ghana', '66525', '62650 Isac Gateway', 0, 'West Chad');
INSERT INTO `address` (`id`, `pays`, `code_postal`, `rue`, `version`, `ville`) VALUES (3, 'Belize', '14962-0226', '41923 Norval Drives', 0, 'South Joesphville');
INSERT INTO `address` (`id`, `pays`, `code_postal`, `rue`, `version`, `ville`) VALUES (4, 'Afghanistan', '89244', '227 Anita Park', 0, 'East Janieberg');
INSERT INTO `address` (`id`, `pays`, `code_postal`, `rue`, `version`, `ville`) VALUES (5, 'Bahamas', '08270-6106', '863 Kling Street', 0, 'East Lavada');
INSERT INTO `address` (`id`, `pays`, `code_postal`, `rue`, `version`, `ville`) VALUES (6, 'Saint Helena', '69394', '50695 Howe Ferry Suite 108', 0, 'Muellershire');
INSERT INTO `address` (`id`, `pays`, `code_postal`, `rue`, `version`, `ville`) VALUES (7, 'Romania', '24095-9518', '57168 Brown Street Suite 506', 0, 'New Nettieside');
INSERT INTO `address` (`id`, `pays`, `code_postal`, `rue`, `version`, `ville`) VALUES (8, 'Tunisia', '24781-0606', '62336 Mia Prairie Apt. 146', 0, 'Lake Darrick');
INSERT INTO `address` (`id`, `pays`, `code_postal`, `rue`, `version`, `ville`) VALUES (9, 'Saint Barthelemy', '72949-6468', '834 Everette Streets', 0, 'North Zenafort');
INSERT INTO `address` (`id`, `pays`, `code_postal`, `rue`, `version`, `ville`) VALUES (10, 'Peru', '67733-3441', '8596 Fisher Mount', 0, 'Lake Clydefurt');
INSERT INTO `address` (`id`, `pays`, `code_postal`, `rue`, `version`, `ville`) VALUES (11, 'Jordan', '88104-5976', '65835 Maximillia Ferry Suite 004', 0, 'Port Wade');
INSERT INTO `address` (`id`, `pays`, `code_postal`, `rue`, `version`, `ville`) VALUES (12, 'Central African Republic', '31789-3059', '41438 Jose Wall', 0, 'Samantaborough');
INSERT INTO `address` (`id`, `pays`, `code_postal`, `rue`, `version`, `ville`) VALUES (13, 'Turkey', '19333', '514 Declan Neck Suite 154', 0, 'Keeblerhaven');
INSERT INTO `address` (`id`, `pays`, `code_postal`, `rue`, `version`, `ville`) VALUES (14, 'Guam', '77912', '421 Esta Freeway', 0, 'Greenfelderburgh');
INSERT INTO `address` (`id`, `pays`, `code_postal`, `rue`, `version`, `ville`) VALUES (15, 'United States Virgin Islands', '49807', '1607 Mary Fort', 0, 'East Ramona');
INSERT INTO `address` (`id`, `pays`, `code_postal`, `rue`, `version`, `ville`) VALUES (16, 'Serbia', '49085', '507 Lavern Place Apt. 444', 0, 'East Isabellehaven');
INSERT INTO `address` (`id`, `pays`, `code_postal`, `rue`, `version`, `ville`) VALUES (17, 'South Georgia and the South Sandwich Islands', '59293', '956 Mayer Tunnel Suite 964', 0, 'New Stanford');
INSERT INTO `address` (`id`, `pays`, `code_postal`, `rue`, `version`, `ville`) VALUES (18, 'Latvia', '06509', '95154 Emmerich Oval Apt. 714', 0, 'Rueckerchester');
INSERT INTO `address` (`id`, `pays`, `code_postal`, `rue`, `version`, `ville`) VALUES (19, 'Kyrgyz Republic', '80433', '0701 Leila Knoll Suite 955', 0, 'Lake Gordonhaven');
INSERT INTO `address` (`id`, `pays`, `code_postal`, `rue`, `version`, `ville`) VALUES (20, 'New Caledonia', '10250', '845 Christelle Field', 0, 'Rowenaport');



INSERT INTO `artiste` (`id`, `bio`, `facebook`, `nom`, `pinterest`, `prenom`, `twitter`, `version`) VALUES (1, 'Quibusdam et qui ad perspiciatis tenetur ducimus in. Illum ut occaecati quaerat natus itaque dolor. Et aut molestias voluptate consequatur.', 'http://mrazkuphal.org/', 'Corwin', 'http://www.kozeylakin.info/', 'Rowan', 'http://harris.com/', 0);
INSERT INTO `artiste` (`id`, `bio`, `facebook`, `nom`, `pinterest`, `prenom`, `twitter`, `version`) VALUES (2, 'In optio et ex autem sequi. Id sit id autem similique voluptates. Sed enim fuga quos aut omnis. Repellendus ipsa consequatur ullam totam.', 'http://witting.com/', 'Brakus', 'http://huel.com/', 'Seamus', 'http://stiedemann.com/', 0);
INSERT INTO `artiste` (`id`, `bio`, `facebook`, `nom`, `pinterest`, `prenom`, `twitter`, `version`) VALUES (3, 'Eos at sit animi natus. Totam itaque cumque est dicta sed. Ut magnam eum dolorum iure excepturi.', 'http://stammspinka.com/', 'King', 'http://durgan.com/', 'Matt', 'http://www.gibson.com/', 0);
INSERT INTO `artiste` (`id`, `bio`, `facebook`, `nom`, `pinterest`, `prenom`, `twitter`, `version`) VALUES (4, 'Aut quia numquam eum est architecto sapiente. Voluptas asperiores et commodi ratione consequatur voluptatem odio suscipit. Voluptatibus voluptatum et eaque quae sit quod.', 'http://macejkovic.org/', 'Spinka', 'http://satterfield.org/', 'Tyshawn', 'http://www.kuhic.com/', 0);
INSERT INTO `artiste` (`id`, `bio`, `facebook`, `nom`, `pinterest`, `prenom`, `twitter`, `version`) VALUES (5, 'Nam ipsam ut assumenda. Tempore illo natus consectetur minima vel et. Numquam sit omnis consequuntur qui molestiae. Quas tenetur corporis quas facilis placeat ea.', 'http://daugherty.com/', 'Pollich', 'http://herzogspinka.com/', 'Daren', 'http://www.rau.com/', 0);
INSERT INTO `artiste` (`id`, `bio`, `facebook`, `nom`, `pinterest`, `prenom`, `twitter`, `version`) VALUES (6, 'Alias nesciunt sit aut ut. Facere aut alias qui quasi voluptatem amet. Debitis asperiores nulla deleniti totam.', 'http://hyatthane.com/', 'Nikolaus', 'http://medhurstritchie.net/', 'Bennett', 'http://www.hirthemarquardt.biz/', 0);
INSERT INTO `artiste` (`id`, `bio`, `facebook`, `nom`, `pinterest`, `prenom`, `twitter`, `version`) VALUES (7, 'Amet quasi est accusamus eius. Nihil quia impedit corporis et. Dolorem exercitationem voluptatem expedita quibusdam voluptates.', 'http://kihn.com/', 'Raynor', 'http://www.will.org/', 'Evans', 'http://www.sanford.org/', 0);
INSERT INTO `artiste` (`id`, `bio`, `facebook`, `nom`, `pinterest`, `prenom`, `twitter`, `version`) VALUES (8, 'Autem in ab quis numquam eveniet fugiat amet. Ducimus nesciunt non est explicabo. Nihil recusandae in aperiam in qui consequatur eos. Omnis voluptas nemo velit consequuntur ullam assumenda fugit.', 'http://www.bartoletti.info/', 'Zieme', 'http://www.hagenes.com/', 'Gaylord', 'http://douglaskautzer.com/', 0);
INSERT INTO `artiste` (`id`, `bio`, `facebook`, `nom`, `pinterest`, `prenom`, `twitter`, `version`) VALUES (9, 'Quia laboriosam assumenda assumenda. Ut necessitatibus officiis explicabo qui ipsa alias. Aut et ullam et et asperiores earum possimus. Sunt odit harum dolores vero.', 'http://www.faheytromp.biz/', 'Padberg', 'http://koeppgorczany.com/', 'Kim', 'http://terry.info/', 0);
INSERT INTO `artiste` (`id`, `bio`, `facebook`, `nom`, `pinterest`, `prenom`, `twitter`, `version`) VALUES (10, 'Voluptatem quidem non enim voluptas voluptate. Iure at quo nam voluptatum quibusdam deserunt. Consequatur impedit accusantium amet fugiat. Est ab voluptas quae. Veniam ullam repellat quo.', 'http://daniel.com/', 'Wehner', 'http://lindgrenbraun.org/', 'Kieran', 'http://huel.com/', 0);
INSERT INTO `artiste` (`id`, `bio`, `facebook`, `nom`, `pinterest`, `prenom`, `twitter`, `version`) VALUES (11, 'Officia ab iure qui similique id omnis. Aut ut ab odit commodi sunt est voluptas. Ipsam ipsa officiis pariatur esse. Vel aut aliquam voluptatibus mollitia in.', 'http://www.klockokonopelski.net/', 'Swift', 'http://oconner.com/', 'Garret', 'http://www.romaguerawiza.com/', 0);
INSERT INTO `artiste` (`id`, `bio`, `facebook`, `nom`, `pinterest`, `prenom`, `twitter`, `version`) VALUES (12, 'Odit nihil delectus atque ex deleniti. Qui blanditiis aut omnis quae possimus ipsam atque. Dolorem dignissimos earum et architecto facilis.', 'http://www.moen.biz/', 'Howe', 'http://www.stamm.com/', 'Brice', 'http://www.daugherty.info/', 0);
INSERT INTO `artiste` (`id`, `bio`, `facebook`, `nom`, `pinterest`, `prenom`, `twitter`, `version`) VALUES (13, 'Temporibus beatae dignissimos nisi et perspiciatis beatae veritatis. Quidem sunt eaque minima doloribus aspernatur nihil est. Hic in praesentium et quam aspernatur mollitia qui.', 'http://www.nader.com/', 'Rath', 'http://toyrosenbaum.com/', 'Tomas', 'http://ferrylockman.net/', 0);
INSERT INTO `artiste` (`id`, `bio`, `facebook`, `nom`, `pinterest`, `prenom`, `twitter`, `version`) VALUES (14, 'Et neque ut adipisci nemo magnam. Quia deserunt ratione debitis voluptatem. Dolor adipisci dolor doloribus sit.', 'http://www.rohan.com/', 'Thiel', 'http://bartoletti.com/', 'Friedrich', 'http://herman.com/', 0);
INSERT INTO `artiste` (`id`, `bio`, `facebook`, `nom`, `pinterest`, `prenom`, `twitter`, `version`) VALUES (15, 'Placeat commodi perspiciatis ipsam corporis error nesciunt dolores. Optio molestiae totam ut veritatis. Molestiae asperiores non asperiores fugit corrupti sint et.', 'http://www.prosacco.com/', 'Torp', 'http://www.pfannerstill.com/', 'Brock', 'http://ortiz.net/', 0);
INSERT INTO `artiste` (`id`, `bio`, `facebook`, `nom`, `pinterest`, `prenom`, `twitter`, `version`) VALUES (16, 'Recusandae laudantium reprehenderit assumenda ex quos accusantium consequatur. Odio optio quas et dolorem quas aliquam. Facilis sunt eum enim quis corporis voluptas.', 'http://thompsonhand.info/', 'Donnelly', 'http://goldner.com/', 'Reyes', 'http://www.goldner.net/', 0);
INSERT INTO `artiste` (`id`, `bio`, `facebook`, `nom`, `pinterest`, `prenom`, `twitter`, `version`) VALUES (17, 'Occaecati delectus iusto est et iste incidunt. Quos quidem perspiciatis et assumenda debitis sit. Quo et molestiae quibusdam.', 'http://www.kiehn.net/', 'Will', 'http://reynolds.com/', 'Jonatan', 'http://www.shieldsgrant.com/', 0);
INSERT INTO `artiste` (`id`, `bio`, `facebook`, `nom`, `pinterest`, `prenom`, `twitter`, `version`) VALUES (18, 'Autem dolor voluptatem aut tempora totam ut. Sit id tenetur temporibus similique. Soluta ullam vitae qui. Velit sint illo libero dolorem et voluptatem ut repellat.', 'http://www.reichert.com/', 'Nicolas', 'http://block.info/', 'Elroy', 'http://halvorsonlueilwitz.com/', 0);
INSERT INTO `artiste` (`id`, `bio`, `facebook`, `nom`, `pinterest`, `prenom`, `twitter`, `version`) VALUES (19, 'Sequi doloremque voluptatem et consequuntur. Animi eligendi velit ipsum qui. Voluptas ut sapiente nihil sint blanditiis. Occaecati id deleniti eum quidem placeat provident possimus soluta.', 'http://www.hilperthyatt.com/', 'Deckow', 'http://batzfritsch.com/', 'Rusty', 'http://www.kemmer.com/', 0);
INSERT INTO `artiste` (`id`, `bio`, `facebook`, `nom`, `pinterest`, `prenom`, `twitter`, `version`) VALUES (20, 'Laboriosam aut sit aperiam nulla rerum ea. Et aut et pariatur fugiat voluptas aut. Dolorem libero repudiandae sint dolores. Rerum dicta ex delectus dolores sed ad ut.', 'http://wintheiserpouros.com/', 'Schimmel', 'http://www.bartoletti.info/', 'Dorthy', 'http://okon.com/', 0);




INSERT INTO `cadre` (`name`, `version`) VALUES ('sans encadrement', 0);
INSERT INTO `cadre` (`name`, `version`) VALUES ('aluminium', 0);
INSERT INTO `cadre` (`name`, `version`) VALUES ('bois blanc', 0);
INSERT INTO `cadre` (`name`, `version`) VALUES ('noyer', 0);
INSERT INTO `cadre` (`name`, `version`) VALUES ('chêne', 0);



INSERT INTO `entete_commande`(date, prix_total, version, statut_id, commande_id)
values('2019-11-04' , 380 , 0 , 4, 1),
('2019-12-04' , 100 , 0 , 4, 2),
('2019-12-04' , 150 , 0 , 4, 3);





INSERT INTO `finition` (`id`, `name`, `version`) VALUES (1, 'aluminium', 0);
INSERT INTO `finition` (`id`, `name`, `version`) VALUES (2, 'verre acrylique', 0);
INSERT INTO `finition` (`id`, `name`, `version`) VALUES (3, 'papier photo', 0);





INSERT INTO `format` (`id`, `dimensions`, `name`, `version`) VALUES (1, '60x75 cm', 'grand', 0);
INSERT INTO `format` (`id`, `dimensions`, `name`, `version`) VALUES (2, '100x125 cm', 'géant', 0);
INSERT INTO `format` (`id`, `dimensions`, `name`, `version`) VALUES (3, '120x150 cm', 'collector', 0);
INSERT INTO `format` (`id`, `dimensions`, `name`, `version`) VALUES (4, '24x30 cm', 'classique', 0);




INSERT INTO `ligne_commande`(prix_unitaire, quantity, version, cadre_id, commande_id, finition_id, format_id, photo_id)
values(60, 1 , 0, 2, 1, 1, 2, 5),
(200, 2 , 0, 1, 3, 3, 3, 1),
(180, 3 , 0, 2, 2, 2, 2, 5);





INSERT INTO `orientation` (`id`, `dimensions`, `name`, `version`) VALUES (1, '2', 'portrait', 0);
INSERT INTO `orientation` (`id`, `dimensions`, `name`, `version`) VALUES (2, '8', 'paysage', 0);
INSERT INTO `orientation` (`id`, `dimensions`, `name`, `version`) VALUES (3, '5', 'carré', 0);
INSERT INTO `orientation` (`id`, `dimensions`, `name`, `version`) VALUES (4, '1', 'panoramique', 0);





INSERT INTO `photo` (`id`, `date_debut`, `date_fin`, `img_thumbnail`, `img_url`, `prix`, `tirages`, `title`, `version`, `artiste_id`, `orientation_id`) VALUES (1, '1982-12-27 11:48:30', '1979-03-08 20:27:44', 'http://lorempixel.com/640/480/', '../assets/photos 640x360/african-lion-2888519_640.jpg', '386', 5, 'Aut magni et aut id et quo.', 0, 1, 1);
INSERT INTO `photo` (`id`, `date_debut`, `date_fin`, `img_thumbnail`, `img_url`, `prix`, `tirages`, `title`, `version`, `artiste_id`, `orientation_id`) VALUES (2, '1984-09-14 20:03:27', '1974-06-01 02:55:09', 'http://lorempixel.com/640/480/', '../assets/photos 640x360/beach-1846040_640.jpg', '4', 5, 'Perspiciatis sit aut consequatur dignissimos.', 0, 2, 2);
INSERT INTO `photo` (`id`, `date_debut`, `date_fin`, `img_thumbnail`, `img_url`, `prix`, `tirages`, `title`, `version`, `artiste_id`, `orientation_id`) VALUES (3, '2019-11-04 03:19:50', '2005-10-07 22:23:35', 'http://lorempixel.com/640/480/', '../assets/photos 640x360/bird-1045954_640.jpg', '360', 3, 'Corporis ipsam dolorum magni et unde.', 0, 3, 3);
INSERT INTO `photo` (`id`, `date_debut`, `date_fin`, `img_thumbnail`, `img_url`, `prix`, `tirages`, `title`, `version`, `artiste_id`, `orientation_id`) VALUES (4, '1988-09-02 21:11:21', '1974-08-25 21:00:39', 'http://lorempixel.com/640/480/', '../assets/photos 640x360/car-repair-362150_640.jpg', '450', 5, 'Aut quisquam qui quia possimus.', 0, 4, 4);
INSERT INTO `photo` (`id`, `date_debut`, `date_fin`, `img_thumbnail`, `img_url`, `prix`, `tirages`, `title`, `version`, `artiste_id`, `orientation_id`) VALUES (5, '1989-05-03 03:39:33', '1986-09-26 22:53:46', 'http://lorempixel.com/640/480/', '../assets/photos 640x360/cat-1045782_640.jpg', '89', 8, 'Eos soluta asperiores provident animi quae quis illum.', 0, 5, 1);
INSERT INTO `photo` (`id`, `date_debut`, `date_fin`, `img_thumbnail`, `img_url`, `prix`, `tirages`, `title`, `version`, `artiste_id`, `orientation_id`) VALUES (6, '2004-03-09 16:44:00', '2017-08-21 10:59:23', 'http://lorempixel.com/640/480/', '../assets/photos 640x360/dandelion-445228_640.jpg', '2', 0, 'Quis necessitatibus distinctio nihil adipisci sit quod.', 0, 6, 2);
INSERT INTO `photo` (`id`, `date_debut`, `date_fin`, `img_thumbnail`, `img_url`, `prix`, `tirages`, `title`, `version`, `artiste_id`, `orientation_id`) VALUES (7, '2014-07-04 08:25:19', '2005-06-26 20:17:36', 'http://lorempixel.com/640/480/', '../assets/photos 640x360/eiffel-tower-1784212_640.jpg', '150', 3, 'Tenetur incidunt maxime minus officia at dolor.', 0, 7, 3);
INSERT INTO `photo` (`id`, `date_debut`, `date_fin`, `img_thumbnail`, `img_url`, `prix`, `tirages`, `title`, `version`, `artiste_id`, `orientation_id`) VALUES (8, '1976-05-19 17:53:33', '1992-06-26 05:20:58', 'http://lorempixel.com/640/480/', '../assets/photos 640x360/elephant-2870777_640.jpg', '999', 2, 'Dolorem sit iure voluptas voluptatem.', 0, 8, 4);
INSERT INTO `photo` (`id`, `date_debut`, `date_fin`, `img_thumbnail`, `img_url`, `prix`, `tirages`, `title`, `version`, `artiste_id`, `orientation_id`) VALUES (9, '1988-11-07 14:47:10', '2015-07-18 12:53:22', 'http://lorempixel.com/640/480/', '../assets/photos 640x360/fog-1535201_640.jpg', '292', 6, 'Et aspernatur dolor aut aut recusandae reprehenderit.', 0, 9, 1);
INSERT INTO `photo` (`id`, `date_debut`, `date_fin`, `img_thumbnail`, `img_url`, `prix`, `tirages`, `title`, `version`, `artiste_id`, `orientation_id`) VALUES (10, '1983-11-15 00:13:19', '1992-08-05 08:50:42', 'http://lorempixel.com/640/480/', '../assets/photos 640x360/forest-931706_640.jpg', '563', 0, 'Alias nam non molestiae aut corrupti ea.', 0, 10, 2);
INSERT INTO `photo` (`id`, `date_debut`, `date_fin`, `img_thumbnail`, `img_url`, `prix`, `tirages`, `title`, `version`, `artiste_id`, `orientation_id`) VALUES (11, '1996-08-17 08:24:45', '1986-10-22 09:56:36', 'http://lorempixel.com/640/480/', '../assets/photos 640x360/girl-2696947_640.jpg', '971', 2, 'Rerum ut voluptate assumenda sunt aut id doloribus aut.', 0, 11, 3);
INSERT INTO `photo` (`id`, `date_debut`, `date_fin`, `img_thumbnail`, `img_url`, `prix`, `tirages`, `title`, `version`, `artiste_id`, `orientation_id`) VALUES (12, '2015-10-21 12:16:08', '2019-11-29 00:48:53', 'http://lorempixel.com/640/480/', '../assets/photos 640x360/girl-447701_640.jpg', '5', 5, 'Tenetur est saepe quos tenetur nesciunt sed.', 0, 12, 4);
INSERT INTO `photo` (`id`, `date_debut`, `date_fin`, `img_thumbnail`, `img_url`, `prix`, `tirages`, `title`, `version`, `artiste_id`, `orientation_id`) VALUES (13, '1998-11-09 06:35:04', '1994-08-25 22:59:35', 'http://lorempixel.com/640/480/', '../assets/photos 640x360/homberg-1959229_640.jpg', '789', 5, 'Aut velit quia quia dolor eos.', 0, 13, 1);
INSERT INTO `photo` (`id`, `date_debut`, `date_fin`, `img_thumbnail`, `img_url`, `prix`, `tirages`, `title`, `version`, `artiste_id`, `orientation_id`) VALUES (14, '2007-01-20 16:29:30', '1991-05-28 15:49:40', 'http://lorempixel.com/640/480/', '../assets/photos 640x360/moon-2048727_640.jpg', '456', 7, 'Eveniet expedita omnis facere est nemo quae.', 0, 14, 2);
INSERT INTO `photo` (`id`, `date_debut`, `date_fin`, `img_thumbnail`, `img_url`, `prix`, `tirages`, `title`, `version`, `artiste_id`, `orientation_id`) VALUES (15, '1976-11-24 18:42:55', '1992-10-04 09:20:37', 'http://lorempixel.com/640/480/', '../assets/photos 640x360/nature-3082832_640.jpg', '3', 2, 'Vel natus molestiae in accusamus esse totam.', 0, 15, 3);
INSERT INTO `photo` (`id`, `date_debut`, `date_fin`, `img_thumbnail`, `img_url`, `prix`, `tirages`, `title`, `version`, `artiste_id`, `orientation_id`) VALUES (16, '1974-06-05 17:39:18', '2002-06-11 04:53:20', 'http://lorempixel.com/640/480/', '../assets/photos 640x360/nature-3126513_640.jpg', '123', 3, 'Nemo sequi et repellendus harum.', 0, 16, 4);
INSERT INTO `photo` (`id`, `date_debut`, `date_fin`, `img_thumbnail`, `img_url`, `prix`, `tirages`, `title`, `version`, `artiste_id`, `orientation_id`) VALUES (17, '2002-07-05 17:58:09', '1981-02-12 02:59:02', 'http://lorempixel.com/640/480/', '../assets/photos 640x360/paint-2985569_640.jpg', '852', 9, 'Dolores non aperiam assumenda impedit molestiae et et.', 0, 17, 1);
INSERT INTO `photo` (`id`, `date_debut`, `date_fin`, `img_thumbnail`, `img_url`, `prix`, `tirages`, `title`, `version`, `artiste_id`, `orientation_id`) VALUES (18, '1982-03-27 10:01:54', '1987-11-24 09:34:03', 'http://lorempixel.com/640/480/', '../assets/photos 640x360/panorama-1993645_640.jpg', '8', 6, 'Reprehenderit distinctio corporis quia exercitationem eaque.', 0, 18, 2);
INSERT INTO `photo` (`id`, `date_debut`, `date_fin`, `img_thumbnail`, `img_url`, `prix`, `tirages`, `title`, `version`, `artiste_id`, `orientation_id`) VALUES (19, '1984-10-06 10:29:32', '2002-08-20 15:48:01', 'http://lorempixel.com/640/480/', '../assets/photos 640x360/panorama-2405958_640.jpg', '151', 1, 'Temporibus iure rerum dolorum mollitia sunt rerum voluptatem ea.', 0, 19, 3);
INSERT INTO `photo` (`id`, `date_debut`, `date_fin`, `img_thumbnail`, `img_url`, `prix`, `tirages`, `title`, `version`, `artiste_id`, `orientation_id`) VALUES (20, '1992-06-21 08:54:53', '1989-01-22 19:28:28', 'http://lorempixel.com/640/480/', '../assets/photos 640x360/portrait-3113651_640.jpg', '1000', 6, 'Incidunt eius eius ipsa amet ut expedita voluptas.', 0, 20, 4);





INSERT INTO `photo_format` (`photo_id`, `format_id`) VALUES (1, 1);
INSERT INTO `photo_format` (`photo_id`, `format_id`) VALUES (2, 2);
INSERT INTO `photo_format` (`photo_id`, `format_id`) VALUES (3, 3);
INSERT INTO `photo_format` (`photo_id`, `format_id`) VALUES (4, 3);
INSERT INTO `photo_format` (`photo_id`, `format_id`) VALUES (5, 4);
INSERT INTO `photo_format` (`photo_id`, `format_id`) VALUES (6, 1);
INSERT INTO `photo_format` (`photo_id`, `format_id`) VALUES (7, 2);
INSERT INTO `photo_format` (`photo_id`, `format_id`) VALUES (8, 3);
INSERT INTO `photo_format` (`photo_id`, `format_id`) VALUES (9, 3);
INSERT INTO `photo_format` (`photo_id`, `format_id`) VALUES (10, 4);
INSERT INTO `photo_format` (`photo_id`, `format_id`) VALUES (11, 1);
INSERT INTO `photo_format` (`photo_id`, `format_id`) VALUES (12, 2);
INSERT INTO `photo_format` (`photo_id`, `format_id`) VALUES (13, 3);
INSERT INTO `photo_format` (`photo_id`, `format_id`) VALUES (14, 3);
INSERT INTO `photo_format` (`photo_id`, `format_id`) VALUES (15, 4);
INSERT INTO `photo_format` (`photo_id`, `format_id`) VALUES (16, 1);
INSERT INTO `photo_format` (`photo_id`, `format_id`) VALUES (17, 2);
INSERT INTO `photo_format` (`photo_id`, `format_id`) VALUES (18, 3);
INSERT INTO `photo_format` (`photo_id`, `format_id`) VALUES (19, 3);
INSERT INTO `photo_format` (`photo_id`, `format_id`) VALUES (20, 4);






INSERT INTO `photo_tag` (`photo_id`, `tag_id`) VALUES (1, 1);
INSERT INTO `photo_tag` (`photo_id`, `tag_id`) VALUES (2, 2);
INSERT INTO `photo_tag` (`photo_id`, `tag_id`) VALUES (3, 3);
INSERT INTO `photo_tag` (`photo_id`, `tag_id`) VALUES (4, 4);
INSERT INTO `photo_tag` (`photo_id`, `tag_id`) VALUES (5, 5);
INSERT INTO `photo_tag` (`photo_id`, `tag_id`) VALUES (6, 6);
INSERT INTO `photo_tag` (`photo_id`, `tag_id`) VALUES (7, 7);
INSERT INTO `photo_tag` (`photo_id`, `tag_id`) VALUES (8, 8);
INSERT INTO `photo_tag` (`photo_id`, `tag_id`) VALUES (9, 9);
INSERT INTO `photo_tag` (`photo_id`, `tag_id`) VALUES (10, 10);
INSERT INTO `photo_tag` (`photo_id`, `tag_id`) VALUES (11, 11);
INSERT INTO `photo_tag` (`photo_id`, `tag_id`) VALUES (12, 12);
INSERT INTO `photo_tag` (`photo_id`, `tag_id`) VALUES (13, 13);
INSERT INTO `photo_tag` (`photo_id`, `tag_id`) VALUES (14, 14);
INSERT INTO `photo_tag` (`photo_id`, `tag_id`) VALUES (15, 15);
INSERT INTO `photo_tag` (`photo_id`, `tag_id`) VALUES (16, 16);
INSERT INTO `photo_tag` (`photo_id`, `tag_id`) VALUES (17, 17);
INSERT INTO `photo_tag` (`photo_id`, `tag_id`) VALUES (18, 18);
INSERT INTO `photo_tag` (`photo_id`, `tag_id`) VALUES (19, 19);
INSERT INTO `photo_tag` (`photo_id`, `tag_id`) VALUES (20, 20);





INSERT INTO `photo_theme` (`photo_id`, `theme_id`) VALUES (1, 1);
INSERT INTO `photo_theme` (`photo_id`, `theme_id`) VALUES (2, 2);
INSERT INTO `photo_theme` (`photo_id`, `theme_id`) VALUES (3, 3);
INSERT INTO `photo_theme` (`photo_id`, `theme_id`) VALUES (4, 4);
INSERT INTO `photo_theme` (`photo_id`, `theme_id`) VALUES (5, 5);
INSERT INTO `photo_theme` (`photo_id`, `theme_id`) VALUES (6, 1);
INSERT INTO `photo_theme` (`photo_id`, `theme_id`) VALUES (7, 2);
INSERT INTO `photo_theme` (`photo_id`, `theme_id`) VALUES (8, 3);
INSERT INTO `photo_theme` (`photo_id`, `theme_id`) VALUES (9, 4);
INSERT INTO `photo_theme` (`photo_id`, `theme_id`) VALUES (10, 5);
INSERT INTO `photo_theme` (`photo_id`, `theme_id`) VALUES (11, 2);
INSERT INTO `photo_theme` (`photo_id`, `theme_id`) VALUES (12, 2);
INSERT INTO `photo_theme` (`photo_id`, `theme_id`) VALUES (13, 3);
INSERT INTO `photo_theme` (`photo_id`, `theme_id`) VALUES (14, 4);
INSERT INTO `photo_theme` (`photo_id`, `theme_id`) VALUES (15, 5);
INSERT INTO `photo_theme` (`photo_id`, `theme_id`) VALUES (16, 3);
INSERT INTO `photo_theme` (`photo_id`, `theme_id`) VALUES (17, 2);
INSERT INTO `photo_theme` (`photo_id`, `theme_id`) VALUES (18, 3);
INSERT INTO `photo_theme` (`photo_id`, `theme_id`) VALUES (19, 4);
INSERT INTO `photo_theme` (`photo_id`, `theme_id`) VALUES (20, 5);





INSERT INTO `role` (`id`, `nom`, `version`) VALUES (1, 'administrateur', 0);
INSERT INTO `role` (`id`, `nom`, `version`) VALUES (2, 'vendeur', 0);
INSERT INTO `role` (`id`, `nom`, `version`) VALUES (3, 'user', 0);



INSERT INTO `status` (`id`, `nom`, `version`) VALUES (1, 'en attente de traitement', 0);
INSERT INTO `status` (`id`, `nom`, `version`) VALUES (2, 'en cours de préparation', 0);
INSERT INTO `status` (`id`, `nom`, `version`) VALUES (3, 'en cours de livraison', 0);
INSERT INTO `status` (`id`, `nom`, `version`) VALUES (4, 'livré', 0);





INSERT INTO `tag` (`id`, `name`, `version`) VALUES (1, 'voyage', 0);
INSERT INTO `tag` (`id`, `name`, `version`) VALUES (2, 'nature', 0);
INSERT INTO `tag` (`id`, `name`, `version`) VALUES (3, 'black', 0);
INSERT INTO `tag` (`id`, `name`, `version`) VALUES (4, 'white', 0);
INSERT INTO `tag` (`id`, `name`, `version`) VALUES (5, 'party', 0);
INSERT INTO `tag` (`id`, `name`, `version`) VALUES (6, 'vitae', 0);
INSERT INTO `tag` (`id`, `name`, `version`) VALUES (7, 'conscience', 0);
INSERT INTO `tag` (`id`, `name`, `version`) VALUES (8, 'réflexion', 0);
INSERT INTO `tag` (`id`, `name`, `version`) VALUES (9, 'art', 0);
INSERT INTO `tag` (`id`, `name`, `version`) VALUES (10, 'vie', 0);
INSERT INTO `tag` (`id`, `name`, `version`) VALUES (11, 'sauvage', 0);
INSERT INTO `tag` (`id`, `name`, `version`) VALUES (12, 'animaux', 0);





INSERT INTO `theme` (`id`, `description`, `name`, `version`) VALUES (1, 'Aut est maiores voluptatem aut praesentium quo eligendi. Consequatur rem quia libero sit doloremque. Tempore iusto dignissimos incidunt inventore quasi. Quisquam corporis cumque exercitationem et qui.', 'voyages', 0);
INSERT INTO `theme` (`id`, `description`, `name`, `version`) VALUES (2, 'Animi error magni veritatis autem inventore. Fugiat quibusdam omnis voluptatem ipsa quas. Hic eligendi tenetur et nisi.', 'noir&blanc', 0);
INSERT INTO `theme` (`id`, `description`, `name`, `version`) VALUES (3, 'In earum impedit eos ullam rerum dolores et. Reprehenderit et aliquid numquam sint laudantium laudantium sunt. Placeat sed voluptatem sit quod soluta aut.', 'nature', 0);
INSERT INTO `theme` (`id`, `description`, `name`, `version`) VALUES (4, 'Illo necessitatibus odit molestiae qui perferendis. Mollitia velit amet qui blanditiis id cum. Consequatur molestiae voluptates repellendus voluptatum eos. Impedit doloremque praesentium omnis tempore omnis assumenda voluptate.', 'vintage', 0);
INSERT INTO `theme` (`id`, `description`, `name`, `version`) VALUES (5, 'Aliquam at placeat ea. Non dolores similique dolorem a numquam. Fugit et et labore aspernatur sint. Et unde occaecati ut est quia.', 'disco', 0);





INSERT INTO `user` (`id`, `civilite`, `email`, `nom`, `password`, `prenom`, `telephone`, `version`, `address_id`, `artiste_id`, `role_id`) VALUES (1, 'Mrs.', 'thiel.baby@example.com', 'Lesch', '430482f665a63cd214000bd276a72580e6ee3ef6', 'Camryn', '523-970-2707x605', 0, 1, 1, 1);
INSERT INTO `user` (`id`, `civilite`, `email`, `nom`, `password`, `prenom`, `telephone`, `version`, `address_id`, `artiste_id`, `role_id`) VALUES (2, 'Dr.', 'taufderhar@example.org', 'Conner', '055e7beeb42bbb5819afbf941c87878fd13512ac', 'Berniece', '(777)485-2838', 0, 2, 2, 2);
INSERT INTO `user` (`id`, `civilite`, `email`, `nom`, `password`, `prenom`, `telephone`, `version`, `address_id`, `artiste_id`, `role_id`) VALUES (3, 'Ms.', 'savion38@example.com', 'Kunze', '90fce09f10e5567e526e743abb1c4572dfe0c225', 'Ahmad', '03016773347', 0, 3, 3, 3);
INSERT INTO `user` (`id`, `civilite`, `email`, `nom`, `password`, `prenom`, `telephone`, `version`, `address_id`, `artiste_id`, `role_id`) VALUES (4, 'Mr.', 'wblock@example.org', 'Donnelly', '3b4574af5189b49971c26fd2ce02c056b93fcd13', 'Selina', '738-300-0313', 0, 4, 4, 1);
INSERT INTO `user` (`id`, `civilite`, `email`, `nom`, `password`, `prenom`, `telephone`, `version`, `address_id`, `artiste_id`, `role_id`) VALUES (5, 'Prof.', 'misty.mitchell@example.org', 'Schulist', '2e90ac42eaeb933bfda65bf73cf7a8e10fce5c32', 'Eloy', '1-715-446-0637x260', 0, 5, 5, 2);
INSERT INTO `user` (`id`, `civilite`, `email`, `nom`, `password`, `prenom`, `telephone`, `version`, `address_id`, `artiste_id`, `role_id`) VALUES (6, 'Prof.', 'williamson.alene@example.org', 'Rosenbaum', 'd66568bff3775923ff101ef417958c9f64e8dc7c', 'Angelica', '612-979-5592x2142', 0, 6, 6, 3);
INSERT INTO `user` (`id`, `civilite`, `email`, `nom`, `password`, `prenom`, `telephone`, `version`, `address_id`, `artiste_id`, `role_id`) VALUES (7, 'Prof.', 'zora.beier@example.net', 'Amore', 'b258150c6e4188cc19f23273a0825e002aa401fb', 'Trever', '354-766-6072x03867', 0, 7, 7, 1);
INSERT INTO `user` (`id`, `civilite`, `email`, `nom`, `password`, `prenom`, `telephone`, `version`, `address_id`, `artiste_id`, `role_id`) VALUES (8, 'Prof.', 'deron.huels@example.com', 'Toy', '6436a857b1363317edd3bf8d09aaa8263ab97b1f', 'Hertha', '749-522-9644x988', 0, 8, 8, 2);
INSERT INTO `user` (`id`, `civilite`, `email`, `nom`, `password`, `prenom`, `telephone`, `version`, `address_id`, `artiste_id`, `role_id`) VALUES (9, 'Prof.', 'weber.laurence@example.net', 'Torphy', 'd82adccfd8875442303ced6906382b737e6ed5e9', 'George', '712-380-4589x43941', 0, 9, 9, 3);
INSERT INTO `user` (`id`, `civilite`, `email`, `nom`, `password`, `prenom`, `telephone`, `version`, `address_id`, `artiste_id`, `role_id`) VALUES (10, 'Dr.', 'camron.frami@example.com', 'Rath', 'a8a0ae1fcb2b2d8e85412854a998d0b76d90ccba', 'Dennis', '(353)568-2770', 0, 10, 10, 1);
INSERT INTO `user` (`id`, `civilite`, `email`, `nom`, `password`, `prenom`, `telephone`, `version`, `address_id`, `artiste_id`, `role_id`) VALUES (11, 'Ms.', 'kling.tyrique@example.org', 'Gulgowski', '673c9634b1791ed421d049a5502ea59ef8a775e2', 'Elinore', '1-469-568-6773x665', 0, 11, 11, 2);
INSERT INTO `user` (`id`, `civilite`, `email`, `nom`, `password`, `prenom`, `telephone`, `version`, `address_id`, `artiste_id`, `role_id`) VALUES (12, 'Prof.', 'damion.weimann@example.org', 'Tremblay', '324718b35e241576806dd6d91b51d19dd92b5419', 'Dax', '098.455.8647x8948', 0, 12, 12, 3);
INSERT INTO `user` (`id`, `civilite`, `email`, `nom`, `password`, `prenom`, `telephone`, `version`, `address_id`, `artiste_id`, `role_id`) VALUES (13, 'Mrs.', 'dooley.mae@example.org', 'Greenholt', '4e30b19c198b51e3612b75daf1381883beaf52ba', 'Jo', '(683)080-6459x876', 0, 13, 13, 1);
INSERT INTO `user` (`id`, `civilite`, `email`, `nom`, `password`, `prenom`, `telephone`, `version`, `address_id`, `artiste_id`, `role_id`) VALUES (14, 'Ms.', 'kkuhn@example.org', 'Klocko', '896ebb4bd2336de11a7d055d50f3eee6f9a64a17', 'Sasha', '1-981-344-9495', 0, 14, 14, 2);
INSERT INTO `user` (`id`, `civilite`, `email`, `nom`, `password`, `prenom`, `telephone`, `version`, `address_id`, `artiste_id`, `role_id`) VALUES (15, 'Ms.', 'white.asha@example.com', 'Schmeler', '4e858868537d181a4f0a7f19eb0bb1e005710297', 'Aida', '480-531-0100x003', 0, 15, 15, 3);
INSERT INTO `user` (`id`, `civilite`, `email`, `nom`, `password`, `prenom`, `telephone`, `version`, `address_id`, `artiste_id`, `role_id`) VALUES (16, 'Mr.', 'fisher.daniella@example.com', 'Denesik', '4bd158b174dd9a3d94bc9c02420754a48a736ff3', 'Makayla', '1-965-324-2974', 0, 16, 16, 1);
INSERT INTO `user` (`id`, `civilite`, `email`, `nom`, `password`, `prenom`, `telephone`, `version`, `address_id`, `artiste_id`, `role_id`) VALUES (17, 'Dr.', 'streich.doris@example.org', 'Fadel', 'b419e9ebe1ea6cc961a7d522281f0dae57d4f825', 'Robert', '166.359.2763x981', 0, 17, 17, 2);
INSERT INTO `user` (`id`, `civilite`, `email`, `nom`, `password`, `prenom`, `telephone`, `version`, `address_id`, `artiste_id`, `role_id`) VALUES (18, 'Mrs.', 'guy82@example.net', 'Feil', 'f5ee7476639004a4a511fca2b911ada81135099c', 'Melvin', '(256)507-5022', 0, 18, 18, 3);
INSERT INTO `user` (`id`, `civilite`, `email`, `nom`, `password`, `prenom`, `telephone`, `version`, `address_id`, `artiste_id`, `role_id`) VALUES (19, 'Prof.', 'will.karl@example.com', 'Kuhlman', 'b32c412b5aabeba0cae34afeb07ab75d3f90a153', 'Karl', '059.251.4286', 0, 19, 19, 1);
INSERT INTO `user` (`id`, `civilite`, `email`, `nom`, `password`, `prenom`, `telephone`, `version`, `address_id`, `artiste_id`, `role_id`) VALUES (20, 'Dr.', 'einar53@example.com', 'Schneider', 'df6c643137fae91d68a430d3eb1a053f45fdb7ef', 'Mona', '1-543-315-4962', 0, 20, 20, 2);


